recommendation,final_score,source_type,discovery_seed,product_group,product_source,brand,category,keyword,search_volume,prev_search_volume,search_volume_growth_pct,total_products,overseas_products,overseas_ratio,opportunity_raw,avg_top10_price,min_top10_price,risk_flags,risk_penalty,volume_source,shopping_status,sample_titles,sample_malls
우선소싱,77.6,product_discovered,아크테릭스,가방/지갑,searchad_related,아크테릭스,가방/지갑,아크테릭스백팩,45630,0,0.0,14014,5246,0.3743399457685172,8.535353535353535,168900,119000,,0,searchad:아크테릭스백팩,ok,(국내발송) 아크테릭스 헬리아드 백팩 15 블랙 | [아크테릭스][공식판매처] SS26 헬리아드 15 백팩 ABQSU10358 | 아크테릭스 헬리아드 15 백팩 ABQSU10358,파이스트82 | 아크테릭스 | 네이버
우선소싱,76.4,product_discovered,뉴발란스,신발,searchad_related,뉴발란스,신발,뉴발란스샌들,35100,0,0.0,27963,4269,0.15266602295891,8.033875028610666,85501,42000,사이즈반품,6,searchad:뉴발란스샌들,ok,뉴발란스 샌들 엔클레이 스트랩 찍찍이 발볼넓은 슬리퍼 | 뉴발란스 샌들 SD3601BK2 엔클레이 찍찍이 스트랩 여름 발편한 신발 블랙 | 뉴발란스 프리들 샌들 230 Hook and Loop 남여공용 130-160,유어유스. | 유어유스. | 일본 주머니
테스트,74.6,product_discovered,롱샴,가방/지갑,searchad_related,롱샴,가방/지갑,롱샴미니백,28490,0,0.0,7021,4289,0.61088164079191,6.491228070175438,177700,86430,,0,searchad:롱샴미니백,ok,꼭 보세요 정가품구별법 [신세계백화점 제품] 롱샴 르 플리아쥬 오리지널 핸들 파우치 미니백 | [국내발송] 롱샴 르 플리아쥬 미니백 오리지널 핸들 파우치 | 롱샴 르 플리아쥬 오리지널 미니 핸들 파우치 6col,갤러리 명품관 | 유럽백 | 패션플러스
테스트,74.4,product_discovered,아식스라이프워커,신발,searchad_related,아식스,신발,아식스샌들,26130,0,0.0,6034,3925,0.6504806098773617,6.491925465838509,85440,52000,사이즈반품,6,searchad:아식스샌들,ok,아식스 젤 소노마 SE 샌들 1203A670 | 아식스 젤 소노마 SE 데저트 샌드 | 아식스 컨텐드 MJ PS 메리제인 샌들,네이버 | 슈즈트럭 | 네이버
테스트,73.3,product_discovered,아크테릭스,가방/지갑,searchad_related,아크테릭스,가방/지갑,아크테릭스헬리아드15,10760,0,0.0,1940,623,0.3211340206185567,14.882434301521439,146340,123500,,0,searchad:아크테릭스헬리아드15,ok,[아크테릭스][공식판매처] SS26 헬리아드 15 백팩 ABQSU10358 | (국내발송) 아크테릭스 헬리아드 백팩 15 블랙 | 아크테릭스 헬리아드 15 백팩 ABQSU10358,아크테릭스 | 파이스트82 | 네이버
테스트,72.0,product_discovered,스케쳐스,신발,searchad_related,스케쳐스,신발,스케쳐스샌들,91350,0,0.0,51692,20620,0.3989011839356187,4.408783783783784,86240,49000,사이즈반품,6,searchad:스케쳐스샌들,ok,스케쳐스 아치핏 업비트 SL0WSCFM09 | 스케쳐스 여성 아치핏 2.0 샌들 슬립인스 SP0ＷSCGＭ111 | 스케쳐스 여성 고워크 아치핏 2.0 슬립인스 샌들 SP0ＷSCGM015,네이버 | 스케쳐스 수원영통점 | 스케쳐스 청주
테스트,71.7,product_discovered,휠라인터런,신발,searchad_related,휠라,신발,휠라샌들,12890,0,0.0,32598,1617,0.04960427020062581,7.5072801397786835,60613,29900,사이즈반품,6,searchad:휠라샌들,ok,휠라 페이토 v2 샌들 운동화 운샌들 데일리 신발 | [신세계백화점]휠라 (대전신세계)FILA3종택1 공용 휠라 시그니쳐 슬릭 웨이비 샌들 v2 1SM02780H | 휠라 페이토 샌들 V2 1SM02777H,마음의선물 | G마켓 | 네이버
테스트,71.4,product_discovered,헬리녹스,캠핑/아웃도어소품,searchad_related,헬리녹스,캠핑/아웃도어소품,헬리녹스체어원,10510,0,0.0,3088,1230,0.39831606217616583,7.902255639097745,142350,85000,,0,searchad:헬리녹스체어원,ok,헬리녹스 체어원 기본 경량 캠핑 피크닉 휴대용의자 | 헬리녹스 체어원 하이백 re | 헬리녹스 체어원 re 하이백 체어원 리 RE 경량 의자 체어투 선셋체어 중간 사이즈,캠핑레시피 | 네이버 | 플롬아웃도어 울산점
테스트,71.2,product_discovered,크록스,신발,searchad_related,크록스,신발,크록스슬리퍼,92580,0,0.0,156093,23348,0.1495774954674457,3.9483111566018425,50270,37900,사이즈반품,6,searchad:크록스슬리퍼,ok,[백화점매장판] 크록스 슬리퍼 샌들 바야 밴드 클로그 플랫폼 여성 여자 | [백화점매장판] 크록스 에코클로그 슬리퍼 샌들 본 블랙 마블 | (국내매장판) 크록스 에코 클로그 본블랙 남녀공용 슬리퍼 실내화,brand-one | brand-one | 루루별샵
테스트,70.9,product_discovered,휠라인터런,신발,searchad_related,휠라,신발,휠라페이토샌들,6270,0,0.0,7649,29,0.003791345273892012,48.604651162790695,68106,52680,사이즈반품,6,searchad:휠라페이토샌들,ok,휠라 페이토 v2 샌들 운동화 운샌들 데일리 신발 | 휠라 페이토 샌들 V2 1SM02777H | 휠라 페이토 샌들 V2 001 1SM02777H,마음의선물 | 네이버 | 휠라
테스트,70.4,product_discovered,나이키,신발,searchad_related,나이키,신발,나이키슬리퍼,75180,0,0.0,95072,20955,0.22041189835072367,3.5706483020660174,48039,22810,사이즈반품,6,searchad:나이키슬리퍼,ok,나이키 캄 슬라이드 슬리퍼 남성용 발편한 커플 학교 사무실 실내화 | [신학기/국내매장] 나이키 슬리퍼 빅토리원 아수나 슬라이드 학생실내화 사무실슬리퍼 (커플) | 나이키 마리나 슬라이드 남여공용 슬리퍼 쪼리 샌들 블랙,슈커밍 | 뷰티홈라이프 | 아리스타31
테스트,70.4,product_discovered,룰루레몬,주방/생활,searchad_related,룰루레몬,주방/생활,룰루레몬텀블러,7320,0,0.0,694,552,0.7953890489913544,11.226993865030675,65778,32000,,0,searchad:룰루레몬텀블러,ok,룰루레몬 텀블러 보온 대용량 손잡이 보냉 텀블러 스포츠 보틀 710ml 템블러 | 룰루레몬 텀블러 대용량 빨대 보온 보냉 손잡이 스포츠 보틀 스트로 리드 530ml | 룰루레몬 텀블러 스포츠 물병 빨대 백투라이프 18oz,감정생활 | 감정생활 | 북미 직구의 모든것
테스트,69.8,product_discovered,헬리녹스,캠핑/아웃도어소품,searchad_related,헬리녹스,캠핑/아웃도어소품,헬리녹스체어,21990,0,0.0,13800,6351,0.4602173913043478,3.408773833514184,142210,85000,,0,searchad:헬리녹스체어,ok,헬리녹스 체어원 기본 경량 캠핑 피크닉 휴대용의자 | 헬리녹스 체어원 re 하이백 체어원 리 RE 경량 의자 체어투 선셋체어 중간 사이즈 | 헬리녹스 체어원 미니 사이즈 기본 택티컬체어 미니 키즈 어린이 의자,캠핑레시피 | 플롬아웃도어 울산점 | 플롬아웃도어 울산점
테스트,69.4,product_discovered,유니클로,가방/지갑,searchad_related,유니클로,가방/지갑,유니클로가방,12380,0,0.0,3876,2539,0.6550567595459237,4.691170898067449,46577,12900,,0,searchad:유니클로가방,ok,국내오늘출고 유니클로 멀티포켓숄더백 가방 블랙 올리브 | 유니클로 멀티 포켓 포터 숄더백 남녀공용 블랙/올리브 (유시다포터 유니포터) 올리브 | [국내당일] 일본 유니클로 드로스트링백 데일리 숄더백 남녀공용,챠밍논 | 쿠팡 | WONDERS
테스트,69.1,product_discovered,타이틀리스트,골프,searchad_related,타이틀리스트,골프,타이틀리스트골프공,13730,0,0.0,32108,3293,0.10256010962999876,4.046566460359564,57980,29500,,0,searchad:타이틀리스트골프공,ok,타이틀리스트 Pro V1 골프공 2025년 12개입 | 골프공 선물 세트 인쇄 각인 제작 홀인원 기념볼 타이틀리스트 HVC 4구 1마커 | 골프공 선물 세트 인쇄 각인 제작 홀인원 기념볼 타이틀리스트 V1 프리미엄 6구 2호,네이버 | 에어로스토어 | 에어로스토어
테스트,68.4,product_discovered,뉴발란스,신발,searchad_related,뉴발란스,신발,뉴발란스530,74610,0,0.0,43595,12681,0.2908819818786558,5.837571395039512,90083,64000,사이즈반품,6,searchad:뉴발란스530,ok,뉴발란스 530 운동화 스틸그레이 실버 화이트 베이지 도트 땡땡이 | (국내매장판AS가능) 뉴발란스 530 성인 런닝화 운동화 스틸그레이 화이트 KA | (정품) 뉴발란스 740 530 410 블랙 스틸그레이 택일( U740BM2 MR530KA ),베이지그 | 런칭샵 | SSG닷컴
테스트,68.4,product_discovered,헬리녹스,캠핑/아웃도어소품,searchad_related,헬리녹스,캠핑/아웃도어소품,헬리녹스체어투,4300,0,0.0,703,170,0.24182076813655762,15.925925925925926,146500,50000,,0,searchad:헬리녹스체어투,ok,헬리녹스 체어원 re 하이백 체어원 리 RE 경량 의자 체어투 선셋체어 중간 사이즈 | 헬리녹스 체어투 캠핑 의자 코스트코 경량 아웃도어 체어 (2 color) 기본 | 헬리녹스 택티컬 체어투 캠핑 의자,플롬아웃도어 울산점 | 늘상생활 | 네이버
테스트,68.1,product_discovered,아식스라이프워커,신발,searchad_related,아식스,신발,아식스젤카야노14,52500,0,0.0,20843,9999,0.4797294055558221,5.198534508367165,172899,68000,사이즈반품,6,searchad:아식스젤카야노14,ok,아식스 젤 카야노 14 운동화 런닝화 언리미티드 블랙 퓨어 실버 화이트 크림 그레이 | 아식스 운동화 코트S 젤 카야노 14 젤 소노마 1130 1090 조그100s 발볼넓은 | 아식스 젤 카야노 14 1201A019 006 블랙 퓨어 실버,베이지그 | 히트플레이어 | 네이버
테스트,67.2,product_discovered,아식스라이프워커,신발,searchad_related,아식스,신발,아식스젤소노마,16730,0,0.0,9475,6002,0.6334564643799472,2.7417240249098658,103760,72000,사이즈반품,6,searchad:아식스젤소노마,ok,아식스 젤 소노마 SE 샌들 1203A670 | 아식스 운동화 코트S 젤 카야노 14 젤 소노마 1130 1090 조그100s 발볼넓은 | 아식스 젤 소노마 SE 샌들 1203A408,네이버 | 히트플레이어 | 네이버
테스트,67.1,product_discovered,뉴발란스,신발,searchad_related,뉴발란스,신발,뉴발란스740,49830,0,0.0,29570,10994,0.37179573892458573,4.4916170903190915,99516,72730,사이즈반품,6,searchad:뉴발란스740,ok,[국내당일] 뉴발란스 740 블랙 실버 U740BM2 | (정품) 뉴발란스 740 530 410 블랙 스틸그레이 택일( U740BM2 MR530KA ) | 뉴발란스 740 화이트 블랙 실버 발볼넓은 발편한 운동화 커플,슈물주 | SSG닷컴 | 히트플레이어
테스트,67.0,product_discovered,휠라인터런,신발,searchad_related,휠라,신발,휠라운동화,21500,0,0.0,169095,9019,0.05333688163458411,2.3577146616953613,68029,35910,사이즈반품,6,searchad:휠라운동화,ok,휠라 페이토 v2 샌들 운동화 운샌들 데일리 신발 | 휠라 에샤페 메리제인 운동화 920 1XM02376H | FILA 트리톤 경량 운동화 여성용 TV상품,마음의선물 | 롯데프리미엄 김해점 휠라 | GSSHOP
테스트,67.0,product_discovered,롱샴,가방/지갑,searchad_related,롱샴,가방/지갑,롱샴백팩,17550,0,0.0,6812,3945,0.5791250733998825,4.338689740420272,235722,101000,,0,searchad:롱샴백팩,ok,롱샴 백팩 르플리아쥬 오리지널 제니백 M 사이즈 | 롱샴 백팩 르플리아쥬 제니 M 노트북 | [국내백화점] 롱샴 백팩 르 플리아쥬 가방 오리지널 M,청춘향기 | 비밤비 Beebalmbee | 어반더부티크
테스트,66.7,product_discovered,파타고니아,패션소품/의류,searchad_related,파타고니아,패션소품/의류,파타고니아반바지,16470,0,0.0,29488,6159,0.2088646228974498,2.6314107684933696,84372,49900,사이즈반품,6,searchad:파타고니아반바지,ok,(국내매장판) 파타고니아 반바지 배기스 12.7cm(5인치) 수영복 쇼츠 팬츠 | 국내매장판 파타고니아 반바지 배기스 12.7cm(﻿5인치) 17.8cm(7인치) 쇼츠 팬츠 | 파타고니아 반바지 12.7cm(﻿5인치) 17.8cm(7인치) 배기스 수영복 쇼츠 라이트,디스포 | 썬더슈터 | 바비스포츠
테스트,66.5,product_discovered,헬리녹스,캠핑/아웃도어소품,searchad_related,헬리녹스,캠핑/아웃도어소품,헬리녹스선셋체어,3750,0,0.0,1668,353,0.21163069544364507,8.278145695364238,167125,66500,,0,searchad:헬리녹스선셋체어,ok,헬리녹스 체어원 re 하이백 체어원 리 RE 경량 의자 체어투 선셋체어 중간 사이즈 | 헬리녹스 선셋체어 캠핑의자 | 헬리녹스 26년 신형 선셋체어 re 캠핑 경량의자,플롬아웃도어 울산점 | 네이버 | 플롬아웃도어
테스트,66.2,product_discovered,아디다스,신발,searchad_related,아디다스,신발,아디다스샌들,30320,0,0.0,68411,16061,0.23477218575960007,1.876121527133222,59759,48660,사이즈반품,6,searchad:아디다스샌들,ok,아디다스 오즈웨이브 샌들 실버 블랙 JS4580 JS4582 남녀공용 스포츠 여름 샌들 | 아디다스 오즈웨이브 샌들 JS458 | 아디다스 남녀공용 오즈웨이브 샌들 KJ5964,쇼핑바이유 | 네이버 | 아디다스
테스트,65.7,product_discovered,아크테릭스,가방/지갑,searchad_related,아크테릭스,가방/지갑,아크테릭스반팔,29490,0,0.0,16044,6907,0.43050361505858886,4.20864849436278,118330,49400,사이즈반품,6,searchad:아크테릭스반팔,ok,아크테릭스 크래그 SL 코튼 셔츠 | 아크테릭스 아크워드 앞로고 티셔츠(남여공용) | (국내매장판) 아크테릭스 반팔 반팔티 크래그 코튼 로고 SS 티셔츠 블랙,네이버 | 베스트포니샵 | 파이스트82
테스트,65.5,product_discovered,롱샴,가방/지갑,searchad_related,롱샴,가방/지갑,롱샴르플리아쥬,40870,0,0.0,53174,25497,0.4795012600142927,1.5966714849396413,198480,86430,,0,searchad:롱샴르플리아쥬,ok,꼭 보세요 정가품구별법 [신세계백화점 제품] 롱샴 르 플리아쥬 오리지널 핸들 파우치 미니백 | [국내백화점] 롱샴 탑 핸들백 토트백 르 플리아쥬 오리지널 스몰 | [국내발송] 롱샴 르 플리아쥬 미니백 오리지널 핸들 파우치,갤러리 명품관 | 유로어센틱 | 유럽백
테스트,65.5,product_discovered,뉴발란스,신발,searchad_related,뉴발란스,신발,뉴발란스993,18930,0,0.0,4283,2279,0.5321036656549147,7.957124842370744,253535,47171,사이즈반품,6,searchad:뉴발란스993,ok,남자 뉴발란스 993 뉴발993 회색 그레이 New Balance MR993GL | [국내매장판] 뉴발란스 ML2002RC M2002RNM 2002RNY 그레이 네이비 993 992 | (국내매장판) 뉴발란스 993 그레이 블랙 네이비 런닝화 남여공용 MR993GL WR993GL,45 Miles | 슈즈 포유 | 파이스트82
테스트,64.8,product_discovered,살로몬,신발,searchad_related,살로몬,신발,살로몬샌들,9320,0,0.0,5009,2771,0.5532042323817129,3.2462556600487633,165385,110000,사이즈반품,6,searchad:살로몬샌들,ok,살로몬 알하마 트레일 하이킹 워터 슈즈 샌들 뮬 베이지 410361 | 살로몬 샌들 운동화 여성 아쿠아슈즈 26년 솔앰피비안 워터슈즈 여름 신발 2컬러 | 살로몬 샌들 운동화 여성 아쿠아슈즈 26년 테크앰피비안5 워터슈즈 여름 신발 3컬러,스니커플렉스 | 도쿄데이즈 | 도쿄데이즈
테스트,64.0,product_discovered,비비안웨스트우드,가방/지갑,searchad_related,비비안웨스트우드,가방/지갑,비비안웨스트우드선글라스,10250,0,0.0,7296,234,0.032072368421052634,30.688622754491018,186193,59000,고가정품,10,searchad:비비안웨스트우드선글라스,ok,비비안웨스트우드 오벌 선글라스 vw5078 | 비비안웨스트우드 VW-5086-001 | 비비안웨스트우드 오벌 베스트 선글라스 VW5077001,네이버 | 네이버 | 네이버
테스트,63.8,product_discovered,아크테릭스,가방/지갑,searchad_related,아크테릭스,가방/지갑,아크테릭스모자,13790,0,0.0,22119,7865,0.3555766535557665,1.731324544883867,74300,50000,,0,searchad:아크테릭스모자,ok,아크테릭스 감마 5 패널 캡 AEPFU09484 | 아크테릭스 노반 메쉬 5 패널 캡 AEQSU10181 | 아크테릭스 칼버스 캡 AEPSU06346,네이버 | 네이버 | 네이버
테스트,63.6,product_discovered,스노우피크,패션소품/의류,searchad_related,스노우피크,패션소품/의류,스노우피크반팔,11200,0,0.0,42142,2017,0.04786199041336434,5.290505432215399,57454,37000,사이즈반품,6,searchad:스노우피크반팔,ok,스노우피크 여성 반팔 티셔츠 소로나 흡습 속건 일상 캠핑 등산 국내 매장판 MWFTS71 | 스노우피크 공용 반팔 티셔츠 에어로쿨 냉감 일상 캠핑 등산 국내 매장판 MUFTS24 | 스노우피크 남성 반팔 카라 티셔츠 통기 신축성 일상 캠핑 등산 국내 매장판 MMTPS58,제로나인 리테일 | 제로나인 리테일 | 제로나인 리테일
테스트,63.5,product_discovered,살로몬,패션소품/의류,searchad_related,살로몬,패션소품/의류,살로몬모자,17480,0,0.0,8978,4515,0.5028959679215861,3.7876489707475622,65066,39000,사이즈반품,6,searchad:살로몬모자,ok,살로몬 모자 등산 러닝 여름 센스 에어로 메쉬 캡 볼캡 | 살로몬 모자 러닝 등산 링크 6패널 캡 | 살로몬 모자 센스 에어로 메쉬 캡 볼캡 등산 러닝,SENSIBLE | SENSIBLE | 파라임 스포츠
테스트,63.2,product_discovered,헬리녹스,캠핑/아웃도어소품,searchad_related,헬리녹스,캠핑/아웃도어소품,헬리녹스체어제로,3110,0,0.0,1005,455,0.4527363184079602,5.603603603603603,149600,125000,,0,searchad:헬리녹스체어제로,ok,헬리녹스 체어제로 캠핑 초경량 백패킹 | 헬리녹스 체어제로 라지 Chair Zero L 캠핑 백패킹 초경량체어 | 헬리녹스 체어제로 LT,오캠프 스토어 | 플롬아웃도어 울산점 | 네이버
테스트,63.0,product_discovered,노스페이스,신발,searchad_related,노스페이스,신발,노스페이스샌들,9550,0,0.0,39328,4180,0.10628559804719284,2.2313084112149535,68824,51750,사이즈반품,6,searchad:노스페이스샌들,ok,노스페이스 샌들 여성 익스플로어 캠프 여름 샌들운동화 | 노스페이스 익스플로어 캠프 샨달 NS82R53 | 노스페이스 익스플로어 캠프 샌달 NS82S02,더헤르츠 | 네이버 | 네이버
테스트,62.9,product_discovered,노스페이스,가방/지갑,searchad_related,노스페이스,가방/지갑,노스페이스백팩,23190,0,0.0,99754,20418,0.20468352146279847,1.1302271176527927,94848,36170,,0,searchad:노스페이스백팩,ok,[국내매장판] 노스페이스 빅샷 백팩 30L 블랙 신학기 노트북 책가방 | 노스페이스 빅샷 백팩 30L 블랙 가방 신학기 책가방 등산가방 | [26년판 백화점용] 노스페이스 빅샷 백팩 가방 30L 신학기 노트북 책가방 블랙,슈놀자 | 프리모 컴퍼니 | 티타니아
테스트,62.5,product_discovered,아식스라이프워커,신발,searchad_related,아식스,신발,아식스젤카야노,56070,0,0.0,43651,23969,0.5491054042289982,2.329552536457684,168390,67000,사이즈반품,6,searchad:아식스젤카야노,ok,(국내매장판) 아식스 젤 카야노 14 운동화 런닝화 | 아식스 젤 카야노 14 운동화 런닝화 언리미티드 블랙 퓨어 실버 화이트 크림 그레이 | 아식스 젤 카야노 33 (4E) 1011C229 001 GEL KAYANO 33 4E,런칭샵 | 베이지그 | 런너스클럽
테스트,62.4,product_discovered,버켄스탁보스턴,신발,searchad_related,버켄스탁,신발,버켄스탁보스턴타우페,2410,0,0.0,1175,251,0.21361702127659574,6.866096866096866,185600,79000,사이즈반품,6,searchad:버켄스탁보스턴타우페,ok,[국내배송] 버켄스탁 보스턴 소프트 풋베드 토프(타우페) 내로우/레귤러 | 버켄스탁 보스턴 타우페 네로우 레귤러 샌들 | 버켄스탁 보스턴 소프트 풋베드 타우페 토프 레귤러 0560771,유니크박스 | 제이리플레이스 | 클리셰 - Cliche
테스트,62.0,product_discovered,아크테릭스,가방/지갑,searchad_related,아크테릭스,가방/지갑,아크테릭스크로스백,5760,0,0.0,5350,2231,0.4170093457943925,2.471042471042471,106000,80000,,0,searchad:아크테릭스크로스백,ok,아크테릭스 헬리아드 6 크로스바디 백 | 아크테릭스 헬리아드 6 크로스바디백 블랙 28414/6169/7973/9828/10359 | 아크테릭스 헬리아드 크로스바디 백 ABQSU10359,네이버 | KREAM | 네이버
테스트,61.8,product_discovered,찰스앤키스,가방/지갑,searchad_related,찰스앤키스,가방/지갑,찰스앤키스가방,18720,0,0.0,28246,18574,0.6575798343128231,1.0024633179822213,106474,59900,,0,searchad:찰스앤키스가방,ok,찰스앤키스 찬스 리사이클 턴락 버킷백 CK2 10701618 | 찰스앤키스 이벳 우븐 숄더 백 CK2 20151510 | 찰스앤키스 세시아 메탈릭 악센트 숄더백 CK2 20151402,네이버 | 네이버 | 네이버
테스트,61.6,product_discovered,스노우피크,가방/지갑,searchad_related,스노우피크,가방/지갑,스노우피크가방,10230,0,0.0,26819,6008,0.22402028412692493,1.674852652259332,71220,53000,,0,searchad:스노우피크가방,ok,스노우피크 가방 스몰 호보백 크로스백 파우치 슬링백 캠핑 일상 국내 매장판 ZWFCB25 | 스노우피크 가방 소프트윌 버킷백 6.5L 숄더백 핸드백 캠핑 국내 매장판 ZWFBB22 | 스노우피크 버킷백 캠플 미디움 여성 나일론 주름가방 [백화점신상판/AS가능],제로나인 리테일 | 제로나인 리테일 | 해피J
테스트,61.4,product_discovered,헬리녹스,캠핑/아웃도어소품,searchad_related,헬리녹스,캠핑/아웃도어소품,헬리녹스테이블,5250,0,0.0,5634,1944,0.3450479233226837,2.5684931506849313,154630,68000,,0,searchad:헬리녹스테이블,ok,헬리녹스 테이블원 하드탑 라지 기본 초경량테이블 2026입고 | 헬리녹스 테이블 원 하드탑 L | 헬리녹스 테이블원 하드탑 미디움 기본 캠핑 백패킹 경량 테이블,플롬아웃도어 | 네이버 | 캠핑레시피
테스트,61.3,product_discovered,롱샴,가방/지갑,searchad_related,롱샴,가방/지갑,롱샴가방,75340,0,0.0,98789,54210,0.548745305651439,1.387221506168293,257941,86430,,0,searchad:롱샴가방,ok,꼭 보세요 정가품구별법 [신세계백화점 제품] 롱샴 르 플리아쥬 오리지널 핸들 파우치 미니백 | [국내백화점] 롱샴 탑 핸들백 토트백 르 플리아쥬 오리지널 스몰 | [국내발송] 롱샴 르 플리아쥬 미니백 오리지널 핸들 파우치,갤러리 명품관 | 유로어센틱 | 유럽백
테스트,61.3,product_discovered,어그,신발,searchad_related,어그,신발,어그샌들,39330,0,0.0,72592,45776,0.6305929027992065,0.85731101229401,101813,67000,사이즈반품,6,searchad:어그샌들,ok,UGG 미국 어그 봄 여름 샌들 골든스타 골든글로우 플랫폼 스트랩 + 파우치 | 미국 어그 여성 샌들 슬리퍼 골든스타 골든글로우 플랫폼 | 어그 골든글로우 K 샌들 1152813K,정품 해외 수입브랜드 티움 | 세컨찬스라이프 | 네이버
테스트,61.2,product_discovered,아식스라이프워커,신발,searchad_related,아식스,신발,아식스젤1130,24960,0,0.0,23756,10912,0.45933658865128807,2.2666182346531056,136477,111940,사이즈반품,6,searchad:아식스젤1130,ok,(국내매장판) 아식스 젤 1130 화이트 클라우드 그레이 / 크림 클레이 그레이 | 아식스 젤 1130 가벼운 남성 운동화 조깅화 | 아식스 젤 1130 뮬 112639312,디자인 봄이네 | 블리에이 | 네이버
테스트,60.4,product_discovered,유니클로,패션의류,searchad_related,유니클로,패션의류,유니클로선글라스,9430,0,0.0,1901,1391,0.7317201472908995,6.3246143527833665,22474,16900,사이즈반품,6,searchad:유니클로선글라스,ok,[유니클로] 선글라스 스퀘어 | Black | 유니클로 선글라스 웰링턴 | 유니클로 선글라스 나로 블랙 481648,유니클로 공식 온라인스토어 | 코이코이쇼핑 | BASS SHOP
테스트,60.3,product_discovered,크록스,신발,searchad_related,크록스,신발,크록스샌들,39570,0,0.0,383938,52837,0.13761857383223333,0.7474923021705046,42677,29900,사이즈반품,6,searchad:크록스샌들,ok,크록스 클래식 발레 블랙 플랫슈즈 여성 샌들 211994 260 발레 화이트 | 크록스 여성 샌들 여름 여자 키높이 샌들 통굽 여행 플랫폼 | [백화점매장판] 크록스 올터레인 클로그 슬리퍼 샌들 신발,쿠팡 | 퍼플리카 | brand-one
관찰,60.0,product_discovered,라코스테,패션소품/의류,searchad_related,라코스테,패션소품/의류,라코스테반팔,47650,0,0.0,137684,28198,0.20480230092094942,1.6838645840695456,82233,62370,사이즈반품,6,searchad:라코스테반팔,ok,라코스테 베이직 크루넥 반팔 티셔츠 TH380E 56G | 라코스테 베이직 오픈카라 반팔 폴로 셔츠 PH387E 56G | 라코스테 밀라노 반팔 티셔츠 TF163E 56G,네이버 | 네이버 | 네이버
관찰,59.7,product_discovered,아크테릭스,가방/지갑,searchad_related,아크테릭스,가방/지갑,아크테릭스가방,10950,0,0.0,27336,10229,0.374195200468247,1.0601219866395586,132242,79920,,0,searchad:아크테릭스가방,ok,"26SS 아크테릭스 맨티스 2 웨이스트팩 크로스백, 미니백 24K 블랙 8973 | (국내발송) 아크테릭스 헬리아드 백팩 15 블랙 | [아크테릭스][공식판매처] SS26 헬리아드 15 백팩 ABQSU10358",그리고 또한 | 파이스트82 | 아크테릭스
관찰,58.8,product_discovered,스노우피크,캠핑/아웃도어소품,searchad_related,스노우피크,캠핑/아웃도어소품,스노우피크FD체어,2570,0,0.0,982,814,0.8289205702647657,2.8118161925601752,131340,31500,,0,searchad:스노우피크FD체어,ok,스노우피크 FD체어RD LV-077RD 캠핑의자 | 스노우피크 FD 체어 그레이 와이드 폴딩 | 스노우피크 FD 체어 LV-077,오캠프 스토어 | 초비초 | 네이버
관찰,58.5,product_discovered,스노우피크,패션소품/의류,searchad_related,스노우피크,패션소품/의류,스노우피크반바지,2900,0,0.0,8875,275,0.030985915492957747,7.733333333333333,65662,24650,사이즈반품,6,searchad:스노우피크반바지,ok,스노우피크 여성 반바지 경량 기능성 팬츠 발수 캠핑 등산 일상 국내 매장판 MWLHP55 | 스노우피크어패럴 타슬란 4부 반바지 S26MULHP64 | 스노우피크어패럴 핀턱 쇼츠 S23MWRHP67,제로나인 리테일 | 네이버 | 네이버
관찰,58.2,product_discovered,크록스,신발,searchad_related,크록스,신발,크록스레인부츠,6770,0,0.0,11394,1012,0.08881867649640161,6.088129496402877,29243,18340,사이즈반품,6,searchad:크록스레인부츠,ok,크록스 아기 장화 레인부츠 유아 아동 핸들잇 | 크록스 키즈 장화 아기 유아 어린이 주니어 핸들잇 레인부츠 | 크록스 핸들 잇 레인 부츠 토들러 211056,디스포 | 루루별샵 | 네이버
관찰,57.7,product_discovered,파타고니아,가방/지갑,searchad_related,파타고니아,가방/지갑,파타고니아백팩,8310,0,0.0,14688,4200,0.28594771241830064,1.9325581395348836,222592,129000,,0,searchad:파타고니아백팩,ok,(당일출고) 파타고니아 리퓨지오 백팩 26L 28L 30L Refugio Backpack | 파타고니아 리퓨지오 백팩 26L 30L 32L | 파타고니아 백팩 블랙홀 가방 노트북 직장인 학생 등산 여행 49266,유로브로 | LOFTSTORE | 썬더슈터
관찰,57.4,product_discovered,뉴발란스,신발,searchad_related,뉴발란스,신발,뉴발란스1906,28630,0,0.0,47849,24641,0.5149741896382369,1.157188472575886,150437,69050,사이즈반품,6,searchad:뉴발란스1906,ok,[뉴발란스] 1906 740 스니커즈 실버메탈릭 그레이 블랙 화이트 | 뉴발란스 1906R 하버 그레이 실버 메탈릭 블랙 M1906REH M1906RES | 국내매장판 뉴발란스 1906 화이트 골드 메탈릭 실버 하버 그레이 블랙 1906REH,4910 | 캄화멀티샵 | NEWVIBE
관찰,57.4,product_discovered,컨버스,신발,searchad_related,컨버스,신발,아키클래식그라나다샌들,1590,0,0.0,779,0,0.0,15.9,63916,48600,사이즈반품,6,searchad:아키클래식그라나다샌들,ok,아키클래식 그라나다 TRIPLE BLACK | 아키클래식 그라나다 바닐라크림 | 아키클래식 그라나다 데저트 샌드,네이버 | 네이버 | 네이버
관찰,57.3,product_discovered,라코스테,패션소품/의류,searchad_related,라코스테,패션소품/의류,라코스테반팔니트,3720,0,0.0,15746,622,0.03950209577035438,5.152354570637119,146224,113110,사이즈반품,6,searchad:라코스테반팔니트,ok,라코스테 립조직 카라 연사 반팔 스웨터 폴로 셔츠 PH943E 56G | 라코스테 케이블 반팔 크루넥 스웨터 AF590E 56G | 라코스테 케이블 반팔 폴로 가디건 AF280E 56G,네이버 | 네이버 | 네이버
관찰,57.1,product_discovered,아레나,여성수영복,searchad_related,아레나,여성수영복,아레나여성수영복,29940,0,0.0,535021,59599,0.11139562746135198,0.5015159382904236,53043,29100,사이즈반품,6,searchad:아레나여성수영복,ok,아레나 여자 수영복 2부 사각 민소매 강습용 수영장 아쿠아로빅 여성 실내수영복 | 아레나 여성 실내수영복 빅사이즈 아쿠아로빅 강습용 여자수영복 AUFLO09 | 아레나 솔티 선샤인 원피스수영복 A5SL1PL43,슬로이프 | 스위머즈몰 | 네이버
관찰,56.5,product_discovered,나이키,패션소품/의류,searchad_related,나이키,패션소품/의류,나이키양말,30840,0,0.0,89636,11118,0.12403498594314784,2.749153146728472,14714,8250,사이즈반품,6,searchad:나이키양말,ok,나이키 스포츠 양말 러닝 발목 단목 중목 장목 운동 테니스 헬스 두꺼운 쿠션 | 나이키 양말 스우시 에브리데이 쿠션 장목 중목 단목 크루 삭스 | 정식매장판 나이키 에브리데이 쿠션 크루 삭스 양말 3켤레 세트 SX7664-100,스포티제이 | 정품만 | 건영스포츠
관찰,56.1,product_discovered,스케쳐스,신발,searchad_related,스케쳐스,신발,스케쳐스운동화,93890,0,0.0,323055,122283,0.378520685332219,0.7671817164148615,123990,59900,사이즈반품,6,searchad:스케쳐스운동화,ok,[스케쳐스] 남여 고워크 나우 슬립인스 | 스케쳐스 여성 맥스쿠셔닝 엘리트 3 SP0ＷRCGX051 | 스케쳐스 남성 맥스쿠셔닝 아치핏 2.0 슬립인스 SP0ＭRCGX111,스케쳐스코리아 | 스케쳐스 청주 | 스케쳐스 청주
관찰,55.7,product_discovered,나이키,패션의류/패션잡화,searchad_related,나이키,패션의류/패션잡화,나이키에어포스,54460,0,0.0,146459,68707,0.4691210509425846,0.7914892380135742,104684,69000,사이즈반품,6,searchad:나이키에어포스,ok,(국내매장판) 나이키 우먼스 에어 포스 1 07 에어포스 화이트 DD8959-100 A/S가능 | (국내매장판) 나이키 에어 포스 1 07 로우 올백 맨즈 | [국내매장판] 나이키 에어포스 1 07 로우 올백 올검 화이트 블랙 된장 브라운 여성 남성,캄화멀티샵 | 풋더슈 | L.A.M.S
관찰,55.5,product_discovered,라코스테,가방/지갑,searchad_related,라코스테,가방/지갑,라코스테가방,10910,0,0.0,66715,17603,0.26385370606310427,0.6162797266000113,102822,61040,,0,searchad:라코스테가방,ok,[라코스테] NF5335Y56G 이지 IZZIE 나일론 라지 크로스백 | 라코스테가방 - 네오크록(NEOCROC) 미듐 문백 [NU5310N56G 000 YDP] | 라코스테가방 - 이지(IZZIE) 토트 크로스백 [NF3869Y56G T53 YDP],라코스테가방 | 라코스테 | 라코스테
관찰,54.9,product_discovered,휠라인터런,신발,searchad_related,휠라,신발,휠라여름운동화,1520,0,0.0,2663,77,0.028914757791963952,8.587570621468927,72324,26320,사이즈반품,6,searchad:휠라여름운동화,ok,FILA 26SS 신상 라디온 경량 썸머운동화 남성용 TV상품 | 국내매장판 휠라 에샤페 벨크로 글리오 여성 메리제인 슈즈 | FILA 다이나믹스 경량 썸머워킹화 남성용 TV상품,GSSHOP | 날개달린신발 | GSSHOP
관찰,54.8,product_discovered,파타고니아,패션소품/의류,searchad_related,파타고니아,패션소품/의류,파타고니아모자,9330,0,0.0,21157,5974,0.28236517464668903,1.5360553177477774,55470,29000,사이즈반품,6,searchad:파타고니아모자,ok,파타고니아 모자 볼캡 야구모자 P-6 블랙 네이비 | 파타고니아 모자 P-6 트러커 캠프캡 볼캡 38296 38289 | 파타고니아 모자 캡 러닝 나일론 트러커 볼캡 등산 마라톤 캠핑 숏챙 방수,라플마켓 | 조하리스토어 | 실버메달리스트
관찰,54.8,product_discovered,타이틀리스트,골프,searchad_related,타이틀리스트,골프,타이틀리스트T100,1730,0,0.0,4394,129,0.029358215748748293,7.554585152838428,1758980,159000,,0,searchad:타이틀리스트T100,ok,타이틀리스트 T100 / T150 / T250 오일캔/블랙에디션 아이언 | 당일출고 [아쿠쉬네트코리아] 타이틀리스트 T100 4세대 아이언 7개구성 | 타이틀리스트 T100 S/ T200 / T300 단품아이언,골프존마켓 | CS골프 | 논현골프
관찰,54.6,product_discovered,롱샴,가방/지갑,searchad_related,롱샴,가방/지갑,롱샴크로스백,8790,0,0.0,13063,7753,0.5935083824542601,1.1193174582961924,228035,109000,,0,searchad:롱샴크로스백,ok,[국내오늘출고] 롱샴 르 플리아쥬 미니 파우치 백 핸들파우치 크로스백 블랙크림 | 롱샴 에퓌르 레더 플랩 미니 크로스백 BROWN 30027 HYZ 035 | 롱샴 플리아쥬 에너지 탑핸들백 엑스스몰 블랙 L1500HSR001,챠밍논 | 웨스트런던 | 블랑망또
관찰,54.2,product_discovered,노스페이스,패션소품/의류,searchad_related,노스페이스,패션소품/의류,노스페이스모자,15820,0,0.0,92017,16982,0.18455285436386754,0.9261210631073645,39159,24020,사이즈반품,6,searchad:노스페이스모자,ok,노스페이스 에코 라이트 쉴드 햇 NE3HR06 | 노스페이스 우먼 반다나 캡 NE3CS09 | 노스페이스 하프 메쉬 쉴드 캡 NE3CR05,네이버 | 네이버 | 네이버
관찰,53.8,product_discovered,휠라인터런,신발,searchad_related,휠라,신발,휠라슬리퍼,3130,0,0.0,17611,481,0.027312475157571972,5.387263339070568,22285,10500,사이즈반품,6,searchad:휠라슬리퍼,ok,휠라 퐁 쏭 쪼리 슬리퍼 1SM01582E | 휠라 슬릭 텅 쪼리 슬리퍼 플립플랍 학교 학생 커플 고등학생 | 휠라 드리프터 튜브 슬라이드 슬리퍼 1SM01943E,멀티 패션 파크 | DLC스토어 | Try Angle
관찰,53.5,product_discovered,캉골,패션소품/의류,searchad_related,캉골,패션소품/의류,캉골반팔티,2740,0,0.0,9252,707,0.07641591007349763,3.3952912019826518,44911,26775,사이즈반품,6,searchad:캉골반팔티,ok,[백화점판] 캉골 반팔티 아이코닉 벙거지 모자 라벨 아트웍 프린팅 커플 선물포장 | [백화점판] 캉골 반팔티 커플 여행 학생 여성 남성 티셔츠 클래식 2764 선물포장 | 캉골 에센셜 티셔츠 2817,브랜드뱅크 | 코디Kim | 네이버
관찰,53.3,product_discovered,뉴발란스,신발,searchad_related,뉴발란스,신발,뉴발란스운동화,116200,0,0.0,630697,271333,0.4302113376153684,0.4280982783965104,133393,77080,사이즈반품,6,searchad:뉴발란스운동화,ok,뉴발란스 530 운동화 스틸그레이 실버 화이트 베이지 도트 땡땡이 | (국내매장판AS가능) 뉴발란스 530 성인 런닝화 운동화 스틸그레이 화이트 KA | 뉴발란스 1906A 실버 메탈릭 캐슬락 남녀공용 운동화 M1906AD 레터링 포함,베이지그 | 런칭샵 | 슈바이민
관찰,52.4,product_discovered,스노우피크,패션소품/의류,searchad_related,스노우피크,패션소품/의류,스노우피크바지,2870,0,0.0,27102,1100,0.04058741052320862,2.3916666666666666,116707,65550,사이즈반품,6,searchad:스노우피크바지,ok,스노우피크 바지 냉감 루트 테이퍼드 팬츠 [백화점신상판] | 스노우피크 여성 바지 세미 와이드 팬츠 기능성 발수 캠핑 등산 국내 매장판 MWRPT22 | 스노우피크 바지 루트 카고 조거 팬츠 [백화점신상판/AS가능],해피J | 제로나인 리테일 | 해피J
관찰,52.4,product_discovered,타이틀리스트,골프,searchad_related,타이틀리스트,골프,타이틀리스트T200,1400,0,0.0,1973,148,0.07501267105930055,5.645161290322581,921980,133000,,0,searchad:타이틀리스트T200,ok,타이틀리스트 2023 T200 남성 스틸 7아이언 (Dynamic Gold 120/NSPro 880 AMC) | 2025년 타이틀리스트 T200 블랙 한정판 아이언 [아쿠쉬네트코리아] | 타이틀리스트 T100 S/ T200 / T300 단품아이언,골프존마켓 | 골프프라자 | 논현골프
관찰,52.2,product_discovered,나이키,패션소품/의류,searchad_related,나이키,패션소품/의류,나이키모자,27810,0,0.0,160010,46925,0.2932629210674333,0.5913875598086125,30060,22900,사이즈반품,6,searchad:나이키모자,ok,나이키 모자 헤리티지 86 퓨추라 클럽 언스트럭처 볼캡 대두 | 나이키 ACG 모자 블랙 플라이 클럽 러닝 여름 운동 드라이핏 트레일 IH8673-010 | 나이키 모자 러닝 대두 빅사이즈 드라이핏 볼캡 페더라이트 마라톤 캡,Brand New | 열한계단 | SENSIBLE
관찰,51.7,product_discovered,살로몬,신발,searchad_related,살로몬,신발,살로몬운동화,46050,0,0.0,108035,56650,0.5243671032535753,0.811453744493392,247630,125900,사이즈반품,6,searchad:살로몬운동화,ok,살로몬 러닝화 XT-6 고어텍스 화이트 블랙 운동화 신발 | 살로몬 XT-6 GTX 러닝화 L47450600 블랙실버 | 살로몬 XT-6 운동화 러닝화 스피드벌스 블랙 화이트 신발,그냥일상 | 네이버 | 슈커밍
관찰,51.5,product_discovered,살로몬,가방/지갑,searchad_related,살로몬,가방/지갑,살로몬가방,5910,0,0.0,19456,11966,0.6150287828947368,0.48980606663351567,88462,37900,,0,searchad:살로몬가방,ok,[국내당일] 살로몬 백팩 트레일블레이저 20 트레블레이저 등산 트레킹 | 살로몬 트레일블레이저 10 SALOMON 트레블레이저 백팩 등산 가방 | [국내당일] 살로몬 트레일블레이저 10 트레블레이저 백팩 등산 트레킹,SENSIBLE | 라플마켓 | SENSIBLE
관찰,51.2,product_discovered,언더아머,가방/지갑,searchad_related,언더아머,가방/지갑,언더아머백팩,2860,0,0.0,19859,4119,0.2074122564076741,0.6778857549182271,55959,30030,,0,searchad:언더아머백팩,ok,언더아머 허슬 라이트 6000399 001 | 언더아머 허슬 5.0 백팩 1361176 | 언더아머 컨테인 듀오 스몰 백팩 1381920,네이버 | 네이버 | 네이버
관찰,51.0,product_discovered,컨버스,가방/지갑,searchad_related,컨버스,가방/지갑,컨버스백팩,1350,0,0.0,4182,909,0.21736011477761835,1.337958374628345,47760,27300,,0,searchad:컨버스백팩,ok,컨버스 고 투 백팩 UA5796 | 컨버스 고 투 백팩 UA5796-023 | [컨버스] 고 로 백팩 컨버스 블랙 10027677-A03,네이버 | 컨버스 | 컨버스
관찰,50.8,product_discovered,찰스앤키스,신발,searchad_related,찰스앤키스,신발,찰스앤키스샌들,4980,0,0.0,11554,9052,0.783451618487104,0.5441433566433567,80042,35340,사이즈반품,6,searchad:찰스앤키스샌들,ok,찰스앤키스 버클 트리플-스트랩 샌들 CK170580226 | 찰스앤키스 토-링 힐 샌들 CK160361577 | 찰스앤키스 케이지드 플랫폼 에스파드리유 샌들 ck171960040,네이버 | 네이버 | 네이버
관찰,50.7,product_discovered,스케쳐스,신발,searchad_related,스케쳐스,신발,스케쳐스여름운동화,4000,0,0.0,8510,3022,0.35511163337250296,1.2812299807815504,155220,78000,사이즈반품,6,searchad:스케쳐스여름운동화,ok,스케쳐스 여성용 디럭스2.0 슬립인스 워킹화 여름 운동화 250 피치베이지 | 스케쳐스usa 유지태 족저근막염 고워크 아치핏 남자 남성 봄 여름 운동화 스니커즈 | 스케쳐스 여성용 디럭스2.0 슬립인스 워킹화 여름 운동화 B,쿠팡 | J.에비뉴 | 파파이소
관찰,50.3,product_discovered,아식스라이프워커,신발,searchad_related,아식스,신발,아식스운동화,82210,0,0.0,421340,281847,0.6689300802202497,0.29157962312065744,153599,81180,사이즈반품,6,searchad:아식스운동화,ok,(국내매장판) 아식스 젤 1130 화이트 클라우드 그레이 / 크림 클레이 그레이 | 아식스 노바블라스트 5 러닝화 런닝화 쿠션화 마라톤화 남성 1011B974 | 아식스 운동화 코트S 젤 카야노 14 젤 소노마 1130 1090 조그100s 발볼넓은,디자인 봄이네 | 오사카와이 | 히트플레이어
관찰,50.0,product_discovered,나이키,신발,searchad_related,나이키,신발,나이키운동화,156500,0,0.0,1894545,708778,0.3741151569374177,0.22077141623805507,91990,49000,사이즈반품,6,searchad:나이키운동화,ok,나이키 P6000 발편한 운동화 러닝화 여성 키높이 P-6000 메탈릭 실버 화이트 | 나이키 레볼루션 7 8 여성러닝화 메쉬소재 가벼운운동화 여성헬스화 | 나이키 P-6000 P6000 키높이 런닝화 여성 운동화 여름 메탈릭 실버 화이트,홍시월드 | 브렌드슈즈마켓 | 구름스니커즈
관찰,50.0,product_discovered,반스,신발,searchad_related,반스,신발,반스하프캡,2100,0,0.0,1974,930,0.47112462006079026,2.0388349514563107,107636,71990,사이즈반품,6,searchad:반스하프캡,ok,[반스] 하프캡 - 블랙:블랙 / VN000DZ3BKA1 VN000DZ3BKA1 | [반스 대구] 프리미엄 하프캡 리이슈 33 올블랙 VN000E97BKA | [반스대구] 스케이트 하프캡 와플컵 브라운 블랙 VN000D9ZY49,무신사 | 반스 동성로 | 반스 동성로
관찰,49.9,product_discovered,크록스,패션잡화,searchad_related,크록스,패션잡화,크록스클래식클로그,7730,0,0.0,138867,19285,0.13887388652451627,0.39876192932679905,36202,18900,,0,searchad:크록스클래식클로그,ok,[크록스] 신상 남여공용 클래식 클로그 슬리퍼 택일 (206991/10001) | [크록스] 클래식 클로그 - 블랙 / 10001-001 10001-001 | [국내매장판] 크록스 클래식 크러쉬클로그 블랙 키높이 플랫폼 남녀공용 207521,SSG닷컴 | 무신사 | L.A.M.S
관찰,49.9,product_discovered,크록스,패션잡화,searchad_related,크록스,패션잡화,크록스클래식,5770,0,0.0,177917,27934,0.15700579483691834,0.205821502461297,52532,20290,,0,searchad:크록스클래식,ok,[크록스 직영] 클래식 플랫폼 클로그 우먼 블랙 206750-001 | 크록스 클래식 발레 블랙 플랫슈즈 여성 샌들 211994 260 발레 화이트 | 크록스 클래식 플랫폼 클로그 206750,크록스 | 쿠팡 | 네이버
관찰,49.7,product_discovered,반스,신발,searchad_related,반스,신발,반스로퍼,2820,0,0.0,4496,1679,0.3734430604982206,1.5851602023608768,72936,58000,사이즈반품,6,searchad:반스로퍼,ok,반스 스케이트 로퍼 VN000VAQ | (국내매장판) 반스 스케이트 로퍼 레더 운동화 | 반스 스케이트 로퍼 VN000VAQBKA,네이버 | 런칭샵 | 네이버
관찰,49.5,product_discovered,아디다스,패션잡화,searchad_related,아디다스,패션잡화,아디다스가젤,18070,0,0.0,104290,39092,0.37483939016204815,0.4610634823433354,67547,44800,사이즈반품,6,searchad:아디다스가젤,ok,[30%즉시] 아디다스 삼바 스페지알 가젤 코트베이스 아디폼 남자 여성 운동화 런닝화 스니커즈 | [아디다스] 삼바 OG 가젤 볼드 핑크 그린 그레이 블랙 IE7002 H06122 IE3677 | (국내매장판 당일발송) 아디다스 여성 스니커즈 가젤 볼드 4컬러 그린 크림화이트핑크 샌디핑크 ID7056 JQ7777 IG4389,11번가 | 4910 | LaMode
관찰,49.3,product_discovered,아디다스,신발,searchad_related,아디다스,신발,아디다스운동화,103700,0,0.0,1359737,518360,0.3812207801949936,0.2000154303128496,53101,35000,사이즈반품,6,searchad:아디다스운동화,ok,아디다스 듀라모 RC 남성 여성용 런닝화 운동화 JS4429 JS4428 갤럭시8 | 아디다스 운동화 듀라모 RC 2 발편한 발볼넓은 런닝화 조깅화 헬스화 남성 운동화 | 아디다스 여자런닝화 발볼넓은런닝화 조깅화 듀라모RC2 가벼운 여자운동화,위드미8143 | 스니커오프 | 유어유스.
관찰,49.3,product_discovered,노스페이스,패션소품/의류,searchad_related,노스페이스,패션소품/의류,노스페이스반팔,16750,0,0.0,260509,34773,0.13348099297912933,0.4803142832563875,38539,22840,사이즈반품,6,searchad:노스페이스반팔,ok,노스페이스 쿨맥스 프라임 반팔 폴로 NT7PR04 | 노스페이스 리커버리 반팔 티셔츠 NT7UR20 | 노스페이스 올 라운드 EX 반팔 폴로 NT7PQ05,네이버 | 네이버 | 네이버
관찰,49.1,product_discovered,노스페이스,가방/지갑,searchad_related,노스페이스,가방/지갑,노스페이스가방,12370,0,0.0,239851,46583,0.1942164093541407,0.26497868603131763,91535,36170,,0,searchad:노스페이스가방,ok,[국내매장판] 노스페이스 빅샷 백팩 30L 블랙 신학기 노트북 책가방 | 노스페이스 보레알리스 미니 팩 NM2DQ55 | 노스페이스 빅샷 백팩 30L 블랙 가방 신학기 책가방 등산가방,슈놀자 | 네이버 | 프리모 컴퍼니
관찰,48.7,product_discovered,찰스앤키스,가방/지갑,searchad_related,찰스앤키스,가방/지갑,찰스앤키스지갑,2370,0,0.0,5500,4400,0.8,0.5266666666666666,49194,32900,,0,searchad:찰스앤키스지갑,ok,찰스앤키스 에놀라 플론트 플랩 월렛 CK610770658 | 찰스앤키스 미니 탑 지퍼 스몰 월렛 CK610680907 | 찰스앤키스 에놀라 프론트 플랩 지갑,네이버 | 네이버 | 네이버
관찰,48.5,product_discovered,컨버스,패션잡화,searchad_related,컨버스,패션잡화,컨버스척테일러70,1340,0,0.0,3811,1534,0.4025190238782472,0.8200734394124847,68806,38900,,0,searchad:컨버스척테일러70,ok,(국내매장판) 컨버스 척테일러 1970S 올스타 척 70 로우 하이 | (국내매장판)컨버스 척테일러 올스타 1970s 척 70 로우 | [컨버스] 척테일러 70 콜드 스테어 로우 캔버스화 A13340C,슈커밍 | 블루인데이 | 롯데광명 컨버스
관찰,48.5,product_discovered,타이틀리스트,골프,searchad_related,타이틀리스트,골프,타이틀리스트골프공PROV1,1060,0,0.0,14117,1117,0.07912445987107743,0.8709942481511914,58730,19000,,0,searchad:타이틀리스트골프공PROV1,ok,타이틀리스트 Pro V1 골프공 2025년 12개입 | 타이틀리스트 골프공 PRO V1 인쇄 로고 2026 | 타이틀리스트 골프공 PRO V1 6구 홀인원 골프공 인쇄 제작 각인 볼 선물 로고 기념품,네이버 | 베스트캐슬 | 더블루기프트
관찰,48.4,product_discovered,비비안웨스트우드,가방/지갑,searchad_related,비비안웨스트우드,가방/지갑,비비안웨스트우드시계,9330,0,0.0,13208,4710,0.35660205935796485,1.9397089397089398,299735,230000,고가정품,10,searchad:비비안웨스트우드시계,ok,비비안웨스트우드 시계 여성 여자 메탈시계 VV292PKSL | 비비안웨스트우드 리틀 캠버웰 메탈 시계 VV311LBLSL | 비비안웨스트우드 Little Wallace 메탈시계,네이버 | 네이버 | 네이버
관찰,48.2,product_discovered,나이키,패션소품/의류,searchad_related,나이키,패션소품/의류,나이키반바지,37550,0,0.0,349660,77931,0.22287650860836242,0.48121900270405354,29230,17800,사이즈반품,6,searchad:나이키반바지,ok,나이키 반바지 쇼츠 기능성 운동복 런닝 투인원 타이즈 우븐 드라이핏 스우시 | 나이키 남자반바지 스우시 드라이핏 17.78cm(7인치) 런닝 헬스복트레이닝 bv6855 | 나이키 여자 트레이닝 반바지 러닝 투인원 쇼츠,스포츠이즈 | Plan Z | 스니커오프
관찰,48.1,product_discovered,스케쳐스,신발,searchad_related,스케쳐스,신발,스케쳐스여성샌들,5690,0,0.0,39372,15533,0.3945189474753632,0.3639736454935073,92240,49000,사이즈반품,6,searchad:스케쳐스여성샌들,ok,스케쳐스 아치핏 업비트 SL0WSCFM09 | 스케쳐스 여성 아치핏 2.0 샌들 슬립인스 SP0ＷSCGＭ111 | 스케쳐스 여성 고워크 아치핏 2.0 슬립인스 샌들 SP0ＷSCGM015,네이버 | 스케쳐스 수원영통점 | 스케쳐스 청주
관찰,47.6,product_discovered,컨버스,패션잡화,searchad_related,컨버스,패션잡화,컨버스척70,4440,0,0.0,33728,12124,0.3594639468690702,0.3632198952879581,77090,38900,,0,searchad:컨버스척70,ok,(국내매장판) 컨버스 척테일러 1970S 올스타 척 70 로우 하이 | (국내매장판)컨버스 척테일러 올스타 1970s 척 70 로우 | [국내매장판] 컨버스 척테일러 1970S 척 70 올스타 로우 하이 블랙 파치먼트 화이트,슈커밍 | 블루인데이 | 슈물주
관찰,47.5,product_discovered,라코스테,신발,searchad_related,라코스테,신발,라코스테신발,12700,0,0.0,68462,26947,0.3936052116502585,0.4695530003327541,88403,59900,사이즈반품,6,searchad:라코스테신발,ok,[국내매장판] 라코스테 남자 신발 가죽 운동화 스니커즈 단화 카나비 | 라코스테 레더 스니커즈 화이트 신발 커플 남성 여성 운동화 캐주얼화 | 라코스테스포츠 [26SS] 남성 L004 레더 스니커즈 RZ0059M56G 6D2,HILUX | DLC스토어 | 라코스테스포츠
관찰,47.4,product_discovered,비비안웨스트우드,가방/지갑,searchad_related,비비안웨스트우드,가방/지갑,비비안웨스트우드목걸이,13440,0,0.0,41142,19019,0.4622769918817753,0.702965636278048,198300,140000,고가정품,10,searchad:비비안웨스트우드목걸이,ok,비비안웨스트우드 목걸이 미니바스 메이페어 진주 초커 ORB씬 | 비비안웨스트우드 미니 바스 릴리프 목걸이 63020086 VPSCJW0014 | 비비안웨스트우드 루크리스 목걸이 실버 VLTCJW0013,스타일더핏 | 네이버 | 런던타임LONDONTIME
관찰,47.3,product_discovered,버켄스탁보스턴,신발,searchad_related,버켄스탁,신발,버켄스탁슬리퍼,25140,0,0.0,134702,83299,0.6183946786239254,0.30144246333888897,82266,38500,사이즈반품,6,searchad:버켄스탁슬리퍼,ok,[국내배송] 버켄스탁 보스턴 아리조나 블랙 실버 취리히 타우페 트레블폭스 슬리퍼 | 버켄스탁 아리조나 에바 | 버켄스탁 에바 아리조나 지제 마드리드 호놀룰루,나이스토어 | 네이버 | 잇썸몰
관찰,47.3,product_discovered,아디다스,패션소품/의류,searchad_related,아디다스,패션소품/의류,아디다스반바지,18010,0,0.0,250917,50639,0.20181573986617088,0.35495378308598907,33350,19900,사이즈반품,6,searchad:아디다스반바지,ok,아디다스 나이키 여자 헬스 런닝 홈트 운동 트레이닝 이너 레깅스 숏팬츠 헬스복 반바지 | 나이키 아디다스 여자 트레이닝 반바지 반팔티 헬스복 쇼츠 | 아디다스 여성 반바지 삼선 돌핀팬츠 러닝 헬스 파이어버드 쇼츠,하이스포티 | 지토스포츠 | GADK.INT
관찰,46.8,product_discovered,어그,신발,searchad_related,어그,신발,어그슬리퍼,15640,0,0.0,152846,97001,0.6346322442196721,0.16106940196290462,92249,58310,사이즈반품,6,searchad:어그슬리퍼,ok,미국 어그 여성 샌들 슬리퍼 골든스타 골든글로우 플랫폼 | 미국 어그 골든글로우 슬리퍼 체스트넛 골든스타 키높이 통굽샌들 | 어그 골든스타 하이 슬라이드 샌드 1155458sa,세컨찬스라이프 | 나이스토어 | 네이버
관찰,46.8,product_discovered,크록스,신발,searchad_related,크록스,신발,크록스여성샌들,6730,0,0.0,113161,22750,0.20104099468898295,0.29452954048140045,42146,24590,사이즈반품,6,searchad:크록스여성샌들,ok,크록스 클래식 발레 블랙 플랫슈즈 여성 샌들 211994 260 발레 화이트 | 크록스 여성 샌들 여름 여자 키높이 샌들 통굽 여행 플랫폼 | [백화점매장판] 크록스 올터레인 클로그 슬리퍼 샌들 신발,쿠팡 | 퍼플리카 | brand-one
관찰,46.4,product_discovered,파타고니아,가방/지갑,searchad_related,파타고니아,가방/지갑,파타고니아가방,3500,0,0.0,38644,10023,0.2593675602939654,0.345747308110244,106625,49000,,0,searchad:파타고니아가방,ok,백화점매장 파타고니아 가방 울트라라이트 블랙홀 미니 테라비아 캠핑 등산 여행 힙색 슬링백 | 파타고니아 울트라라이트 블랙홀 테라비아 미니 힙색 슬링백 힙팩 가방 | 파타고니아 슬링백 폴딩 가방 테라비아 미니 힙색 1L,STOCK TAKER | 투슬로스 | 소닉스포츠
관찰,46.1,product_discovered,반스,신발,searchad_related,반스,신발,반스운동화,20190,0,0.0,219775,72748,0.331011261517461,0.27715242697122777,57363,28980,사이즈반품,6,searchad:반스운동화,ok,[백화점상품] 반스 운동화 올드스쿨 어센틱 슬립온 체커보드 스타일36 코어클래식 | 반스 어센틱 44DX 클래식 화이트 스니커즈 올드스쿨 블랙 단화 운동화 헬스 레드 | 반스 스니커즈 Super Lowpro 슈퍼 로우 프로 VN000D83CCZ1,Trendy-lab | 정품발품 | 반스
관찰,46.0,product_discovered,캉골,패션소품/의류,searchad_related,캉골,패션소품/의류,캉골티셔츠,1930,0,0.0,41790,1801,0.04309643455372099,1.015255128879537,40032,22500,사이즈반품,6,searchad:캉골티셔츠,ok,캉골 에센셜 티셔츠 2817 | [백화점판] 캉골 반팔티 아이코닉 벙거지 모자 라벨 아트웍 프린팅 커플 선물포장 | [백화점판] 캉골 반팔티 커플 여행 학생 여성 남성 티셔츠 클래식 2764 선물포장,네이버 | 브랜드뱅크 | 코디Kim
관찰,45.9,product_discovered,롱샴,가방/지갑,searchad_related,롱샴,가방/지갑,롱샴숄더백,7180,0,0.0,24778,14558,0.5875373315037533,0.4898349024423523,365190,147900,,0,searchad:롱샴숄더백,ok,[국내백화점] 롱샴 엑스트라 M 숄더백 르 플리아쥬 이스트웨스트 | 롱샴 르 플리아쥬 오리지널 숄더백 L1899 089 | 롱샴 르 플리아쥬 숄더백 L2605089,유로어센틱 | 네이버 | 네이버
관찰,45.8,product_discovered,버켄스탁보스턴,신발,searchad_related,버켄스탁,신발,버켄스탁아리조나,14260,0,0.0,67654,43628,0.6448694829574009,0.3261068422978412,77323,38500,사이즈반품,6,searchad:버켄스탁아리조나,ok,[국내배송] 버켄스탁 보스턴 아리조나 블랙 실버 취리히 타우페 트레블폭스 슬리퍼 | 버켄스탁 아리조나 지제 에바 블랙 화이트 취리히 보스턴 타우페 | 버켄스탁 아리조나 에바,나이스토어 | Ez multi | 네이버
관찰,45.4,product_discovered,언더아머,패션소품/의류,searchad_related,언더아머,패션소품/의류,언더아머반바지,8820,0,0.0,119482,13995,0.11713061381630706,0.6257538134090103,27437,20690,사이즈반품,6,searchad:언더아머반바지,ok,언더아머 APAC 반팔 반바지 트레이닝복 셋트 60154416015442ib | 언더아머 남자 투인원 4부 팬츠 기능성 트레이닝복 우븐 스포츠 반바지 | 언더아머 기능성 반바지,네이버 | 윈텍 | NEWYORK.co.kr
보류,44.6,product_discovered,아레나,가방/지갑,searchad_related,아레나,가방/지갑,아레나수영가방,5330,0,0.0,381167,32516,0.08530644048409228,0.16341672798626442,21390,7380,,0,searchad:아레나수영가방,ok,아레나 메쉬 수영가방 포켓 목욕가방 샤워박스 대용량 물놀이 수영장 망사 비치백 | 아레나 수영가방 사각 수영복가방 숄더백 생존수영키트 방수 워터파크 드라이백 | 아레나 메쉬 수영가방 포켓 샤워박스 대형 방수 목욕가방 수영장 비치백,움파움파 | 움파움파 | 아쿠온
보류,43.7,product_discovered,슈프림,패션소품/의류,searchad_related,슈프림,패션소품/의류,슈프림반팔,5610,0,0.0,15757,12565,0.7974233673922702,0.4429530201342282,126940,29500,사이즈반품,6,searchad:슈프림반팔,ok,슈프림 반팔 티셔츠 빅사이즈 모음전 S-XXL | [국내당일] 슈프림 헤인즈 반팔 레이어드 이너 티셔츠 이너티 | 슈프림 반팔 티셔츠 박스 로고 스몰 퓨추라 핀라인 스텐실,두유원몰 | 럭스리밋 | 정품만
보류,43.4,product_discovered,아디다스,신발,searchad_related,아디다스,신발,아디다스스니커즈,14130,0,0.0,841113,362776,0.43130471173314405,0.038938921284405695,84773,57800,사이즈반품,6,searchad:아디다스스니커즈,ok,아디다스 메리제인 메가제인 키높이 운동화 발레코어 통굽 JI2416 | [아디다스] 삼바 메리제인 화이트 블랙 | 아디다스 메리제인 운동화 슈즈 아디다스 발레코어 오즈웨이브 샌들,구름스니커즈 | 4910 | 라플마켓
보류,43.3,product_discovered,스노우피크,캠핑/아웃도어소품,searchad_related,스노우피크,캠핑/아웃도어소품,스노우피크테이블,3290,0,0.0,12041,8937,0.7422141018187858,0.3640588690937258,267564,14900,,0,searchad:스노우피크테이블,ok,국내입고 스노우피크 IGT 테이블 세트 스텐 버너 igt테이블 세트 유닛 구성 | 스노우피크 스텐 마이 테이블 LV-039 접이식 캠핑 스마테 관부가세 포함 | 스노우피크 원액션로우테이블 연장다리,JPK | 일본 구매대행 해피마로 | 설계에이스
보류,42.8,product_discovered,반스,신발,searchad_related,반스,신발,반스어센틱블랙,1780,0,0.0,11973,2769,0.23127035830618892,0.6204252352736145,48185,33000,사이즈반품,6,searchad:반스어센틱블랙,ok,반스 어센틱 44dx 그린 블랙 레드 블루 화이트 아이보리 플랫폼 컴피쿠시 | [반스]프리미엄 어센틱 리이슈 44 블랙 VN000CQABA2 스니커즈 | [반스] 남여공용 스니커즈 어센틱 로우프로 (블랙) (VN000D04BZW),LASTPICK | 반스 | 신세계시흥 반스
보류,42.7,product_discovered,아크네스튜디오,패션소품/의류,searchad_related,아크네스튜디오,패션소품/의류,아크네스튜디오반팔,2990,0,0.0,6672,3692,0.5533573141486811,0.7885021097046413,291031,130990,사이즈반품,6,searchad:아크네스튜디오반팔,ok,아크네스튜디오 아크네 반팔티 티셔츠 CL0196 | 아크네스튜디오 반팔 티 내쉬 페이스 오버핏 | 아크네스튜디오 페이스 로고 반팔 티셔츠 CL0309,네이버 | 스타일더핏 | 네이버
보류,42.2,product_discovered,캉골,패션소품/의류,searchad_related,캉골,패션소품/의류,캉골모자,3510,0,0.0,36169,8170,0.2258840443473693,0.4244256348246675,41143,21950,사이즈반품,6,searchad:캉골모자,ok,캉골 워시드 대두 버킷햇 남자 여자 벙거지 모자 | 캉골 버킷햇 여성 벙거지 모자 남성 버뮤다 워시드 헌팅캡 겨울 | 캉골 워시드 버킷햇 K4224HT,뉴욕트레이딩 | SENSIBLE | 네이버
보류,41.9,product_discovered,언더아머,가방/지갑,searchad_related,언더아머,가방/지갑,언더아머가방,1910,0,0.0,55371,7438,0.13433024507413627,0.25338286017511275,33322,25050,,0,searchad:언더아머가방,ok,언더아머 언디나이어블 더플백 XS 스포츠 더블백 축구 헬스 운동 망치 가방 | 언더아머 언디나이어블 5.0 스몰 더플 백 1369222 | 언더아머 더플백 운동 헬스 망치가방 여행 축구 캠핑 UA 언디나이어블XXS,스포티제이 | 네이버 | 도시샵
보류,41.7,product_discovered,살로몬,등산화,searchad_related,살로몬,등산화,살로몬등산화,5670,0,0.0,82005,41131,0.5015669776233157,0.13751788702675172,160198,94376,,0,searchad:살로몬등산화,ok,살로몬 XA PRO 프로 3D | 살로몬 XT-6 ADV L41086600 | 살로몬 XA 프로 3D V9 와이드 GTX L47277000,블리에이 | 네이버 | 네이버
보류,41.5,product_discovered,어그,신발,searchad_related,어그,신발,어그여름슬리퍼,1770,0,0.0,7338,6307,0.8594985009539384,0.27626034025284846,86279,7467,사이즈반품,6,searchad:어그여름슬리퍼,ok,오즈웨어 호주어그보스턴버켄 타우페 아리조나 사무실 여름어그슬리퍼 OB755 플랫폼 | 미국 어그 골든글로우 슬리퍼 체스트넛 골든스타 키높이 통굽샌들 | 어그 미국UGG 슬리퍼 샌들 골든스타 하이 플랫폼 슬라이드 샌드,예스호주어그 | 나이스토어 | 퍼스트어스
보류,41.0,product_discovered,반스,신발,searchad_related,반스,신발,반스올드스쿨블랙,1750,0,0.0,14464,3374,0.2332688053097345,0.5037420840529648,58412,33000,사이즈반품,6,searchad:반스올드스쿨블랙,ok,반스 올드스쿨 블랙 컴피쿠시 레드 화이트 그린 검흰 검솔 핑크 네이비 아이보리 | 반스 올드스쿨 VN000D3HY28 블랙 | [VANS] 반스 컴피쿠시 올드스쿨 블랙 남여공용 스니커즈 VN0A3WMAVNE1,슈커밍 | 네이버 | 반스
보류,40.9,product_discovered,버켄스탁보스턴,신발,searchad_related,버켄스탁,신발,버켄스탁샌들,8670,0,0.0,160006,109963,0.6872429783883104,0.07877306633473556,110924,17760,사이즈반품,6,searchad:버켄스탁샌들,ok,버켄스탁 아리조나 EVA 레귤러 샌들 129421 | 버켄스탁 밀라노 블랙 다크 브라운 버코플로 레더 레귤러 | 버켄스탁 아리조나 레귤러 남성 샌들 슬리퍼 스톤 151211,네이버 | 지니슈즈 | 네이버
보류,40.5,product_discovered,비비안웨스트우드,가방/지갑,searchad_related,비비안웨스트우드,가방/지갑,비비안웨스트우드지갑,7960,0,0.0,54145,18977,0.3504848093083387,0.41725638203071763,197865,128820,고가정품,10,searchad:비비안웨스트우드지갑,ok,비비안웨스트우드 지갑 카드 명함 비즈니스 | 비비안웨스트우드 카드지갑 반지갑 사피아노 비건 바이오그린 그레인 | 비비안 웨스트우드 EXECUTIVE 지갑 카드 패스 케이스 일본 한정판,리즈너샵 | 타임메카 | 일본 구매대행 해피마로
보류,40.4,product_discovered,아디다스,신발,searchad_related,아디다스,신발,아디다스러닝화,16260,0,0.0,447542,154233,0.344622404154247,0.10535659904233055,64134,38160,사이즈반품,6,searchad:아디다스러닝화,ok,아디다스 운동화 듀라모 RC 2 발편한 발볼넓은 런닝화 조깅화 헬스화 남성 운동화 | 아디다스 듀라모 RC 남성 여성용 런닝화 운동화 JS4429 JS4428 갤럭시8 | 아디다스 듀라모 sl2 스피드 아디다스 갤럭시 7 6 아디다스 갤럭시 런,스니커오프 | 위드미8143 | 융베리의 쿠션화
보류,40.4,product_discovered,노스페이스,패션소품/의류,searchad_related,노스페이스,패션소품/의류,노스페이스반팔티,8240,0,0.0,251868,33208,0.13184684040846792,0.2473880148913174,40518,28080,사이즈반품,6,searchad:노스페이스반팔티,ok,노스페이스 쿨맥스 프라임 반팔 폴로 NT7PR04 | 노스페이스 리커버리 반팔 티셔츠 NT7UR20 | 노스페이스 올 라운드 EX 반팔 폴로 NT7PQ05,네이버 | 네이버 | 네이버
보류,39.0,product_discovered,컨버스,신발,searchad_related,컨버스,신발,컨버스운동화,12120,0,0.0,208480,93999,0.4508777820414428,0.12880051860274816,62497,27570,사이즈반품,6,searchad:컨버스운동화,ok,컨버스 척테일러 올스타 리프트 무브 로우 하이(국내매장판) | 컨버스 척테일러 올스타 클래식 M7652C 화이트 | [컨버스] 척테일러 올스타 리프트 더블 스택 블랙 로우탑 키높이 캔버스화 A15490C,블루인데이 | 네이버 | 컨버스
보류,38.2,product_discovered,어그,신발,searchad_related,어그,신발,어그골든스타샌들,1180,0,0.0,10743,5852,0.54472679884576,0.198252688172043,101792,76300,사이즈반품,6,searchad:어그골든스타샌들,ok,UGG 미국 어그 봄 여름 샌들 골든스타 골든글로우 플랫폼 스트랩 + 파우치 | 미국 어그 여성 샌들 슬리퍼 골든스타 골든글로우 플랫폼 | 어그 골든스타 하이 슬라이드 샌드 1155458sa,정품 해외 수입브랜드 티움 | 세컨찬스라이프 | 네이버
보류,36.9,product_discovered,언더아머,패션소품/의류,searchad_related,언더아머,패션소품/의류,언더아머양말,2180,0,0.0,21672,3146,0.1451642672572905,0.6715958102279729,15328,4400,사이즈반품,6,searchad:언더아머양말,ok,언더아머 장목 여성 남성 스포츠양말 5켤레 1세트 골프 러닝 테니스 축구 등산 | 코스트코 뉴발란스 양말 단목 언더아머 양말 아디다스 양말 단목 스포츠 발목 양말 | 언더아머 양말 N코어 쿠션 크루 3켤레 세트 스포츠 운동 패션 장목 중목 단목 발목,뭉가스토어 | 남성운동런닝스포츠쿠션세트 | 케이웨이컴퍼니
보류,36.1,product_discovered,라코스테,신발,searchad_related,라코스테,신발,라코스테스니커즈,3880,0,0.0,55608,20736,0.3728959861890376,0.18621616433096563,75704,44450,사이즈반품,6,searchad:라코스테스니커즈,ok,[30%즉할]라코스테 운동화 여성 카나비 파워코트 단화 스니커즈 신발 화이트 | 라코스테 메디안 LTH 레더 스니커즈 RZ0130W56G | 라코스테 여성 운동화 지안 청키 캔버스 스니커즈 단화,11번가 | 네이버 | 헤이몬트
보류,35.2,product_discovered,라코스테,패션소품/의류,searchad_related,라코스테,패션소품/의류,라코스테반팔티,4020,0,0.0,101672,25068,0.24655755763632073,0.15972663699936426,95364,62370,사이즈반품,6,searchad:라코스테반팔티,ok,라코스테 베이직 크루넥 반팔 티셔츠 TH380E 56G | 라코스테 베이직 헤비저지 반팔 티셔츠 TH315E 56G | 라코스테 베이직 오픈카라 반팔 폴로 셔츠 PH387E 56G,네이버 | 네이버 | 네이버
보류,34.6,product_discovered,COS,가방/지갑,searchad_related,COS,가방/지갑,COS가방,13440,0,0.0,27672,14271,0.5157198612315698,0.9352167559668777,110370,52000,식품,25,searchad:COS가방,ok,[국내오늘출고]코스 COS 퀼티드 미니백 구름백 오버사이즈 초미니마이크로 식빵 보부상 | [내일수령] COS 코스 퀼티드 미니백 초미니 마이크로 식빵 구름 메신저 미국유럽백화점 | 국내당일발송 코스 COS 퀼티드 미니백 퀼팅백 구름백 마이크로 가방 오버사이즈,챠밍논 | 트위티 155 | 유로브로
보류,34.2,product_discovered,아크네스튜디오,가방/지갑,searchad_related,아크네스튜디오,가방/지갑,아크네스튜디오가방,1580,0,0.0,8811,6408,0.7272727272727273,0.2427781192378611,828435,149000,,0,searchad:아크네스튜디오가방,ok,아크네스튜디오 베이커 로고 토트백 C10068 핑크 | 아크네스튜디오 베이커 로고 토트백 C10068 핑크 | 아크네 스튜디오 토트백 BLUE 여성 8927018090556 BLUE,여주아울렛 | 부산프리미엄아울렛 | FETCHING
보류,33.8,product_discovered,버켄스탁보스턴,신발,searchad_related,버켄스탁,신발,버켄스탁남자샌들,2060,0,0.0,59814,34887,0.5832581001103421,0.058879012204533114,128330,59000,사이즈반품,6,searchad:버켄스탁남자샌들,ok,버켄스탁 밀라노 블랙 다크 브라운 버코플로 레더 레귤러 | 버켄스탁 모가미 테라 남자 스포츠 샌들 | 모가미 테라 스텔스 2- 스트랩 버코-플로 에이펙스 블랙,지니슈즈 | JUDANET | 버켄스탁
보류,33.6,product_discovered,슈프림,패션소품/의류,searchad_related,슈프림,패션소품/의류,슈프림캠프캡,2040,0,0.0,15649,11076,0.7077768547511023,0.18253400143163923,138919,108800,사이즈반품,6,searchad:슈프림캠프캡,ok,슈프림 모자 캠프캡 블랙 데님 트윌 페이즐리 치노 반다나 | 슈프림 워시드 치노 트윌 캠프캡 | 슈프림 모자 밀리터리 캠프캡 - 26SS SS26H45,LASTPICK | 네이버 | 두유원몰
보류,32.8,product_discovered,파타고니아,패션소품/의류,searchad_related,파타고니아,패션소품/의류,파타고니아반팔티,1730,0,0.0,48750,9179,0.1882871794871795,0.18644250458023495,61967,27900,사이즈반품,6,searchad:파타고니아반팔티,ok,[파타고니아] 파타고니아P-6로고 반팔티셔츠(3COLOR) | 파타고니아 P-6 로고 리스판서빌리티 반팔 티셔츠 | 파타고니아 멘즈 홈 워터 트라우트 오가닉 티셔츠 GG 37547Q5,하프클럽 | 네이버 | 네이버
보류,32.5,product_discovered,스케쳐스,신발,searchad_related,스케쳐스,신발,스케쳐스여성운동화,4390,0,0.0,174645,56059,0.3209882905322225,0.07817090760163109,124115,88000,사이즈반품,6,searchad:스케쳐스여성운동화,ok,[스케쳐스] 남여 고워크 나우 슬립인스 | 스케쳐스 여성 아치핏 2.0 슬립인스 SL0ＷPCGX051 | 스케쳐스 여성 맥스쿠셔닝 아치핏 2.0 슬립인스 SP0ＷRCGX101,스케쳐스코리아 | 스케쳐스 청주 | 스케쳐스 수원영통점
보류,32.2,product_discovered,슈프림,패션소품/의류,searchad_related,슈프림,패션소품/의류,슈프림후드집업,1570,0,0.0,6509,3693,0.5673682593332309,0.41392037964671763,514475,321000,사이즈반품,6,searchad:슈프림후드집업,ok,"25FW 슈프림 후드집업 슈프림 아크써멀 라인드집업 후드 스웨트셔츠 블랙,네이비,애쉬그레이 | 슈프림 패치스 후드 집업 셔츠 자켓 SS25S30 | 슈프림 후드 집업 슈프림 아크 써멀 라인드 집업 후드 스웨트셔츠 애쉬 - 25FW 사이즈",노블가든스토어 | 네이버 | 네이버
보류,31.7,product_discovered,파타고니아,패션소품/의류,searchad_related,파타고니아,패션소품/의류,파타고니아티셔츠,2710,0,0.0,104192,25176,0.24163083538083538,0.10721633169805349,59746,27900,사이즈반품,6,searchad:파타고니아티셔츠,ok,[파타고니아] 파타고니아P-6로고 반팔티셔츠(3COLOR) | 파타고니아 멘즈 홈 워터 트라우트 오가닉 티셔츠 GG 37547Q5 | 파타고니아 P-6 로고 리스판서빌리티 반팔 티셔츠,하프클럽 | 네이버 | 네이버
보류,31.3,product_discovered,비비안웨스트우드,가방/지갑,searchad_related,비비안웨스트우드,가방/지갑,비비안웨스트우드가방,7650,0,0.0,87228,36459,0.4179735864630623,0.20925080007658853,257992,169000,고가정품,10,searchad:비비안웨스트우드가방,ok,비비안웨스트우드 뉴 미니 체인 크로스백 (10컬러) | 비비안웨스트우드 가방 미니 그래니 크로스백 여성 체인 FW25 | [세금별도/재고확보] 비비안웨스트우드 요한나 미니 야스민 백 블랙,웨스트런던 | 여기명품 | 오즈런던
보류,31.0,product_discovered,휠라인터런,신발,searchad_related,휠라,신발,휠라신발,1730,0,0.0,218628,12488,0.057119856560001465,0.13743247537337147,60264,26910,사이즈반품,6,searchad:휠라신발,ok,휠라 에샤페 메리제인 운동화 920 1XM02376H | FILA 트리톤 경량 운동화 여성용 TV상품 | [휠라] 1RM02761G 워킹화 RGB 아킴보 3color,롯데프리미엄 김해점 휠라 | GSSHOP | 휠라
보류,30.8,product_discovered,아레나,패션소품/의류,searchad_related,아레나,패션소품/의류,아레나수영모자,1120,0,0.0,100619,5664,0.05629155527286099,0.19430950728660654,11372,4790,사이즈반품,6,searchad:아레나수영모자,ok,아레나 스판 천 수모 수영모자 성인 아동 공용 롱헤어 아쿠아로빅 메쉬 수영모 여자 남자수모 | 아레나 메쉬 망사 수모 수영모자 AS11 | 아레나 실리콘수모 수영모자 성인 아동 공용 남 여자 실내수영장 강습용 롱헤어 메쉬 수영모,에스비몰 | 잔차나라 | 에스비몰
보류,30.5,product_discovered,비비안웨스트우드,가방/지갑,searchad_related,비비안웨스트우드,가방/지갑,비비안웨스트우드반팔,5140,0,0.0,47231,17367,0.3677034151298935,0.29426919333600504,197004,108040,"고가정품,사이즈반품",16,searchad:비비안웨스트우드반팔,ok,비비안웨스트우드 반팔 티셔츠 반팔티 여성용 남녀공용 오알비 페루 | 비비안웨스트우드 반팔 티셔츠 여성용 남여공용 | 비비안웨스트우드반팔 ORB 페루 클래식 라운드티 남녀공용,스타일더핏 | 메종파르코 | 엔오스
보류,30.2,product_discovered,스케쳐스,신발,searchad_related,스케쳐스,신발,스케쳐스운동화여성,3210,0,0.0,174645,56059,0.3209882905322225,0.05715913744902865,127115,88000,사이즈반품,6,searchad:스케쳐스운동화여성,ok,[스케쳐스] 남여 고워크 나우 슬립인스 | 스케쳐스 여성 맥스쿠셔닝 아치핏 2.0 슬립인스 SP0ＷRCGX101 | 스케쳐스 여성 아치핏 2.0 슬립인스 SL0ＷPCGX051,스케쳐스코리아 | 스케쳐스 수원영통점 | 스케쳐스 청주
보류,30.1,product_discovered,언더아머,신발,searchad_related,언더아머,신발,언더아머러닝화,1780,0,0.0,100585,20231,0.20113336978674753,0.08755103044611677,60751,45700,사이즈반품,6,searchad:언더아머러닝화,ok,언더아머 UA 어센드 6009827 | 언더아머 차지드 어서트 10 러닝화 3026175 001 블랙 | [언더아머 본사]남성 UA 페이드 RN 3 러닝화3028252-002,네이버 | 네이버 | 언더아머 코리아
보류,30.0,product_discovered,언더아머,패션소품/의류,searchad_related,언더아머,패션소품/의류,언더아머바지,2280,0,0.0,178955,28217,0.15767651085468415,0.08051700391990677,35417,13500,사이즈반품,6,searchad:언더아머바지,ok,언더아머 남자 투인원 4부 팬츠 기능성 트레이닝복 우븐 스포츠 반바지 | 언더아머 남성 조거 팬츠 스포츠스타일 조거 헬스 운동 스포츠 축구 | 언더아머 컴프레션 쇼츠 헬스복 반바지 헬스 러닝 운동 기능성 숏 타이즈 레깅스 쫄바지 바지,윈텍 | 1F | 스포티제이
보류,28.5,product_discovered,살로몬,신발,searchad_related,살로몬,신발,살로몬신발,5100,0,0.0,127900,67614,0.5286473807662236,0.07531677348849573,249080,125900,사이즈반품,6,searchad:살로몬신발,ok,살로몬 러닝화 XT-6 고어텍스 화이트 블랙 운동화 신발 | 살로몬 XT-6 고어텍스 GTX 운동화 러닝화 신발 | 살로몬 XT-6 운동화 러닝화 스피드벌스 블랙 화이트 신발,그냥일상 | 슈커밍 | 슈커밍
보류,27.4,product_discovered,슈프림,패션소품/의류,searchad_related,슈프림,패션소품/의류,슈프림티셔츠,2300,0,0.0,82480,57942,0.7024975751697381,0.03962647737845009,178520,29500,사이즈반품,6,searchad:슈프림티셔츠,ok,슈프림 반팔 티셔츠 빅사이즈 모음전 S-XXL | [국내당일] 슈프림 헤인즈 반팔 레이어드 이너 티셔츠 이너티 | 슈프림 헤인즈 태그리스 티셔츠 화이트 블랙 1ea (1개입),두유원몰 | 럭스리밋 | Trendwave
보류,27.2,product_discovered,어그,신발,searchad_related,어그,신발,어그타스만,1510,0,0.0,34123,20527,0.6015590657327902,0.07320502254326854,91706,60900,사이즈반품,6,searchad:어그타스만,ok,미국 어그 타스만 디스케트 슬리퍼 빅키즈 미국판 체스트넛 블랙 | UGG 미국어그 타스만 클래식미니 코케트 털슬리퍼 모카신 부츠 레인부츠 여성 남성 | 어그 타스만 II 슬리퍼 1174470,정품 해외 수입브랜드 티움 | 베이지그 | 네이버
보류,25.6,product_discovered,어그,신발,searchad_related,어그,신발,어그부츠,2080,0,0.0,160646,102101,0.6355651556839261,0.0203520513497911,85412,31500,사이즈반품,6,searchad:어그부츠,ok,어그 클래식 울트라 미니 1116109 | 호주 어그플랫폼 울트라미니 어그부츠 생활방수 | 어그 클래식 클리어미니 양털부츠 AS3031,네이버 | 호주 마미 | 네이버
보류,25.2,product_discovered,반스,신발,searchad_related,반스,신발,반스스니커즈,1760,0,0.0,179280,57696,0.32182061579651944,0.030451934389923177,57363,28980,사이즈반품,6,searchad:반스스니커즈,ok,반스 어센틱 44DX 클래식 화이트 스니커즈 올드스쿨 블랙 단화 운동화 헬스 레드 | [백화점상품] 반스 운동화 올드스쿨 어센틱 슬립온 체커보드 스타일36 코어클래식 | 반스 스니커즈 Super Lowpro 슈퍼 로우 프로 VN000D83CCZ1,정품발품 | Trendy-lab | 반스
보류,25.0,product_discovered,찰스앤키스,신발,searchad_related,찰스앤키스,신발,찰스앤키스신발,1060,0,0.0,29398,24849,0.8452615824205728,0.042486672812537575,70853,45000,사이즈반품,6,searchad:찰스앤키스신발,ok,찰스앤키스 크로셰 플로럴 메리제인 플랫 CK170580273 | 찰스앤키스 커브 플랫폼 메리제인 CK1709004001 | 찰스앤키스 새틴 보우 메리제인 플랫 ck171720057,네이버 | 네이버 | 네이버
